{
  "node::handler": {
    "common.position": {
      "x": -80.86691331367052,
      "y": -241.7034166981929
    }
  },
  "node:hello:digReturn": {
    "common.position": {
      "x": 408.12082809589725,
      "y": 243.6680168503403
    }
  },
  "node:hello:main": {
    "common.position": {
      "x": 472.07107784937944,
      "y": -42.6886961248445
    }
  },
  "node:hello:return": {
    "common.position": {
      "x": 472.3701129720261,
      "y": 175.75052195892667
    }
  },
  "node:hello:talk": {
    "common.position": {
      "x": 965.7586401840664,
      "y": -192.5300843436245
    }
  },
  "node::exit": {
    "common.position": {
      "x": -437.4036191878077,
      "y": -16.389456930333267
    }
  },
  "node::main": {
    "common.position": {
      "x": -439.4608543697949,
      "y": -440.38707191187626
    }
  },
  "node::digReturn": {
    "common.position": {
      "x": -440.88304962683605,
      "y": -116.00621533241969
    }
  },
  "node::testing": {
    "common.position": {
      "x": 0,
      "y": -522.5806640233229
    }
  },
  "node:hello:listen": {
    "common.position": {
      "x": 1480,
      "y": -57.81747053234261
    }
  },
  "node:hello:returnLocal": {
    "common.position": {
      "x": 880,
      "y": 443.8538442204537
    }
  }
}