{
  "node::handler": {
    "common.position": {
      "x": -80.86691331367052,
      "y": -241.7034166981929
    }
  },
  "node:hello:digReturn": {
    "common.position": {
      "x": 755.0055437971025,
      "y": 806.5958224875518
    }
  },
  "node:hello:main": {
    "common.position": {
      "x": 806.1620707566678,
      "y": 455.5562064546717
    }
  },
  "node:hello:return": {
    "common.position": {
      "x": 807.9260889276874,
      "y": 672.5304414900701
    }
  },
  "node:hello:talk": {
    "common.position": {
      "x": 1480,
      "y": 785.1835792649903
    }
  },
  "node::exit": {
    "common.position": {
      "x": -437.4036191878077,
      "y": -16.389456930333267
    }
  },
  "node::main": {
    "common.position": {
      "x": -439.4608543697949,
      "y": -440.38707191187626
    }
  },
  "node::digReturn": {
    "common.position": {
      "x": -440.88304962683605,
      "y": -116.00621533241969
    }
  },
  "node::testing": {
    "common.position": {
      "x": 0,
      "y": -522.5806640233229
    }
  },
  "node:hello:listen": {
    "common.position": {
      "x": 1480,
      "y": 480.70800546696233
    }
  }
}