{
  "node::handler": {
    "common.position": {
      "x": -80.86691331367052,
      "y": -241.7034166981929
    }
  },
  "node:hello:digReturn": {
    "common.position": {
      "x": 420.9145508898141,
      "y": 308.35091990803556
    }
  },
  "node:hello:main": {
    "common.position": {
      "x": 472.07107784937944,
      "y": -42.6886961248445
    }
  },
  "node:hello:return": {
    "common.position": {
      "x": 473.83509602039896,
      "y": 174.28553891055384
    }
  },
  "node:hello:talk": {
    "common.position": {
      "x": 1143.4653329375885,
      "y": 286.93867668547404
    }
  },
  "node::exit": {
    "common.position": {
      "x": -437.4036191878077,
      "y": -16.389456930333267
    }
  },
  "node::main": {
    "common.position": {
      "x": -439.4608543697949,
      "y": -440.38707191187626
    }
  },
  "node::digReturn": {
    "common.position": {
      "x": -440.88304962683605,
      "y": -116.00621533241969
    }
  },
  "node::testing": {
    "common.position": {
      "x": 0,
      "y": -522.5806640233229
    }
  },
  "node:hello:listen": {
    "common.position": {
      "x": 1143.4653329375885,
      "y": -17.536897112553884
    }
  }
}