{
  "node::handler": {
    "common.position": {
      "x": 149.8749174660196,
      "y": 95.53464367212345
    }
  },
  "node:hello:digReturn": {
    "common.position": {
      "x": 769.0595635870352,
      "y": -293.54312434577207
    }
  },
  "node:hello:main": {
    "common.position": {
      "x": 776.8034699454647,
      "y": -730.7694959076773
    }
  },
  "node:hello:return": {
    "common.position": {
      "x": 774.1442764683718,
      "y": -361.4606192371857
    }
  },
  "node:hello:talk": {
    "common.position": {
      "x": 1326.6973756752045,
      "y": -729.7412255397369
    }
  },
  "node::exit": {
    "common.position": {
      "x": -431.48716198832847,
      "y": 388.8878612339943
    }
  },
  "node::main": {
    "common.position": {
      "x": -424.6697113710968,
      "y": -384.18072851682354
    }
  },
  "node::digReturn": {
    "common.position": {
      "x": -429.0501352278776,
      "y": 289.27110283190785
    }
  },
  "node::testing": {
    "common.position": {
      "x": 0,
      "y": -522.5806640233229
    }
  },
  "node:hello:listen": {
    "common.position": {
      "x": 1840.938735491138,
      "y": -595.028611728455
    }
  },
  "node:hello:returnLocal": {
    "common.position": {
      "x": 880,
      "y": 443.8538442204537
    }
  },
  "node:hello:action": {
    "common.position": {
      "x": 1337.0263428329506,
      "y": -344.21200065352673
    }
  },
  "node:transfer:action": {
    "common.position": {
      "x": 1340.7716587024363,
      "y": 341.1302012574788
    }
  },
  "node:transfer:listen": {
    "common.position": {
      "x": 1843.3304684752857,
      "y": 85.2599466981335
    }
  },
  "node:transfer:talk": {
    "common.position": {
      "x": 1334.9534885194075,
      "y": -124.69091233439147
    }
  },
  "node:transfer:return": {
    "common.position": {
      "x": 764.029020363841,
      "y": 330.7752750768617
    }
  },
  "node:transfer:main": {
    "common.position": {
      "x": 765.5888015465248,
      "y": -137.5030885541226
    }
  },
  "node:transfer:digReturn": {
    "common.position": {
      "x": 771.4625008685888,
      "y": 401.3634881175817
    }
  },
  "node:assist:digReturn": {
    "common.position": {
      "x": 763.2229787328212,
      "y": 1014.6724097106886
    }
  },
  "node:assist:main": {
    "common.position": {
      "x": 763.2229787328212,
      "y": 541.3558337523499
    }
  },
  "node:assist:return": {
    "common.position": {
      "x": 763.2229787328212,
      "y": 922.9673231187605
    }
  },
  "node:assist:talk": {
    "common.position": {
      "x": 1345.9940128815258,
      "y": 532.4811479531311
    }
  },
  "node:assist:listen": {
    "common.position": {
      "x": 1845.934646237521,
      "y": 712.9330925372477
    }
  },
  "node:assist:action": {
    "common.position": {
      "x": 1348.9522414812654,
      "y": 976.2154379140736
    }
  }
}